{
    "word2vec_cbow": {
        "sentiment": {
            "accuracy": 0.8175,
            "precision": 0.8269824922760041,
            "recall": 0.803,
            "f1": 0.8148148148148148,
            "auc": 0.9071309999999999
        },
        "emotion": {
            "accuracy": 0.3700787401574803,
            "precision": 0.3701619745793503,
            "recall": 0.39699794030323693,
            "f1": 0.3753148060603009
        },
        "training_time": 34.1936719417572
    },
    "word2vec_skipgram": {
        "sentiment": {
            "accuracy": 0.8495,
            "precision": 0.851963746223565,
            "recall": 0.846,
            "f1": 0.8489713998996488,
            "auc": 0.9200939999999999
        },
        "emotion": {
            "accuracy": 0.5028121484814398,
            "precision": 0.4986377986808191,
            "recall": 0.5169305007336378,
            "f1": 0.49928019512539046
        },
        "training_time": 141.25601887702942
    },
    "fasttext": {
        "sentiment": {
            "accuracy": 0.8475,
            "precision": 0.8499496475327291,
            "recall": 0.844,
            "f1": 0.8469643753135976,
            "auc": 0.924099
        },
        "emotion": {
            "accuracy": 0.49718785151856015,
            "precision": 0.49214972778826444,
            "recall": 0.5114684007614219,
            "f1": 0.49349931295476007
        },
        "training_time": 163.63541269302368
    }
}