{
    "word2vec_cbow": {
        "sentiment": {
            "accuracy": 0.8335,
            "precision": 0.8378926038500507,
            "recall": 0.827,
            "f1": 0.8324106693507801,
            "auc": 0.9020910000000002
        },
        "emotion": {
            "accuracy": 0.466,
            "precision": 0.3856635412505462,
            "recall": 0.3366211621538429,
            "f1": 0.34399724580751134
        },
        "training_time": 82.07688975334167
    },
    "word2vec_skipgram": {
        "sentiment": {
            "accuracy": 0.8125,
            "precision": 0.8134403209628887,
            "recall": 0.811,
            "f1": 0.8122183274912369,
            "auc": 0.895061
        },
        "emotion": {
            "accuracy": 0.556,
            "precision": 0.4494460869129889,
            "recall": 0.347497435692884,
            "f1": 0.3461951139677222
        },
        "training_time": 324.8051562309265
    },
    "fasttext": {
        "sentiment": {
            "accuracy": 0.801,
            "precision": 0.8195329087048833,
            "recall": 0.772,
            "f1": 0.7950566426364573,
            "auc": 0.8879119999999998
        },
        "emotion": {
            "accuracy": 0.547,
            "precision": 0.45204479827404914,
            "recall": 0.34288638906783264,
            "f1": 0.3427121289864808
        },
        "training_time": 401.57790899276733
    }
}