Model,Sentiment Acc,Sentiment F1,Emotion Acc,Emotion F1,Training Time (s)
Word2Vec CBOW,0.8175,0.8148148148148148,0.3700787401574803,0.3753148060603009,34.1936719417572
Word2Vec Skip-gram,0.8495,0.8489713998996488,0.5028121484814398,0.49928019512539046,141.25601887702942
FastText,0.8475,0.8469643753135976,0.49718785151856015,0.49349931295476007,163.63541269302368
