Model,Sentiment Accuracy,Sentiment F1,Sentiment AUC,Emotion Accuracy,Emotion F1
Word2Vec CBOW,0.8335,0.8324106693507801,0.9020910000000002,0.466,0.34399724580751134
Word2Vec Skip-gram,0.8125,0.8122183274912369,0.895061,0.556,0.3461951139677222
FastText,0.801,0.7950566426364573,0.8879119999999998,0.547,0.3427121289864808
OmniVec (Ours),0.636,0.6486486486486487,0.7009999999999998,0.65,0.45461998650774466
