{
  "accuracy": 0.8475,
  "precision": 0.8499496475327291,
  "recall": 0.844,
  "f1": 0.8469643753135976,
  "auc": 0.924099,
  "confusion_matrix": [
    [
      851,
      149
    ],
    [
      156,
      844
    ]
  ]
}