{
  "accuracy": 0.49718785151856015,
  "precision": 0.49214972778826444,
  "recall": 0.5114684007614219,
  "f1": 0.49349931295476007,
  "confusion_matrix": [
    [
      81,
      12,
      15,
      29,
      17,
      12
    ],
    [
      8,
      78,
      38,
      16,
      12,
      14
    ],
    [
      12,
      28,
      86,
      13,
      9,
      11
    ],
    [
      23,
      10,
      21,
      69,
      30,
      13
    ],
    [
      15,
      15,
      8,
      13,
      86,
      29
    ],
    [
      3,
      9,
      0,
      2,
      10,
      42
    ]
  ]
}