{
    "sentiment": {
        "accuracy": 0.636,
        "precision": 0.6268656716417911,
        "recall": 0.672,
        "f1": 0.6486486486486487,
        "auc": 0.7009999999999998
    },
    "emotion": {
        "accuracy": 0.65,
        "precision": 0.5536297176009801,
        "recall": 0.4450540480777853,
        "f1": 0.45461998650774466
    },
    "training_time": 273.8616201877594
}