{
  "accuracy": 0.813,
  "precision": 0.8294736842105264,
  "recall": 0.788,
  "f1": 0.8082051282051282,
  "auc": 0.8863539999999999,
  "confusion_matrix": [
    [
      838,
      162
    ],
    [
      212,
      788
    ]
  ]
}