{
  "accuracy": 0.7334083239595051,
  "precision": 0.7203913685560881,
  "recall": 0.7297669810172652,
  "f1": 0.7234950823723872,
  "confusion_matrix": [
    [
      128,
      12,
      2,
      9,
      11,
      4
    ],
    [
      10,
      123,
      15,
      9,
      5,
      4
    ],
    [
      7,
      17,
      117,
      10,
      5,
      3
    ],
    [
      8,
      7,
      8,
      118,
      15,
      10
    ],
    [
      14,
      5,
      1,
      11,
      120,
      15
    ],
    [
      4,
      3,
      2,
      2,
      9,
      46
    ]
  ]
}