{
    "sentiment": {
        "accuracy": 0.893,
        "precision": 0.8294736842105264,
        "recall": 0.788,
        "f1": 0.8082051282051282,
        "auc": 0.8863539999999999
    },
    "emotion": {
        "accuracy": 0.7334083239595051,
        "precision": 0.7203913685560881,
        "recall": 0.7297669810172652,
        "f1": 0.7234950823723872
    },
    "training_time": 993.1403479576111
}