{
  "accuracy": 0.5028121484814398,
  "precision": 0.4986377986808191,
  "recall": 0.5169305007336378,
  "f1": 0.49928019512539046,
  "confusion_matrix": [
    [
      72,
      18,
      17,
      30,
      16,
      13
    ],
    [
      6,
      77,
      38,
      18,
      15,
      12
    ],
    [
      6,
      26,
      96,
      16,
      4,
      11
    ],
    [
      23,
      11,
      20,
      73,
      23,
      16
    ],
    [
      15,
      14,
      6,
      21,
      87,
      23
    ],
    [
      5,
      9,
      0,
      4,
      6,
      42
    ]
  ]
}