{
  "accuracy": 0.8495,
  "precision": 0.851963746223565,
  "recall": 0.846,
  "f1": 0.8489713998996488,
  "auc": 0.9200939999999999,
  "confusion_matrix": [
    [
      853,
      147
    ],
    [
      154,
      846
    ]
  ]
}