{
  "accuracy": 0.3700787401574803,
  "precision": 0.3701619745793503,
  "recall": 0.39699794030323693,
  "f1": 0.3753148060603009,
  "confusion_matrix": [
    [
      61,
      17,
      21,
      27,
      27,
      13
    ],
    [
      12,
      62,
      42,
      25,
      17,
      8
    ],
    [
      11,
      38,
      63,
      20,
      14,
      13
    ],
    [
      27,
      14,
      21,
      54,
      30,
      20
    ],
    [
      20,
      26,
      17,
      30,
      47,
      26
    ],
    [
      5,
      6,
      2,
      3,
      8,
      42
    ]
  ]
}