{
  "accuracy": 0.8175,
  "precision": 0.8269824922760041,
  "recall": 0.803,
  "f1": 0.8148148148148148,
  "auc": 0.9071309999999999,
  "confusion_matrix": [
    [
      832,
      168
    ],
    [
      197,
      803
    ]
  ]
}